Filename,ColorBin_0_Ratio,ColorBin_1_Ratio,ColorBin_2_Ratio,ColorBin_3_Ratio,ColorBin_4_Ratio,ColorBin_5_Ratio,ColorBin_6_Ratio,ColorBin_7_Ratio
0001_petal_cutout.png,0.22843901793136223,0.0,0.003649119006255579,0.0,0.1976458246783076,0.1761352284309063,0.07098292098492394,0.32314788896824437
0002_petal_cutout.png,0.18352970520966766,0.010353666665257468,0.017382187443191668,8.173354020374198e-06,0.08777435342428304,0.1176652955160698,0.0545630567216677,0.5287235616658423
0003_petal_cutout.png,0.008695880799922113,0.0007996930344966541,0.6296793886929861,9.892036234008092e-05,0.011175658093742142,0.0006159094139385038,0.027467451296038968,0.32146709830653547
0004_petal_cutout.png,0.014418735753849051,0.0004843519144735697,0.6492076250615301,0.0002479360885878149,0.01789635244691006,0.004421401692902604,0.030198114709008808,0.283125482332738
0005_petal_cutout.png,0.04294170548008147,0.0019700457453470134,0.7779869828185382,0.0008205086186122878,0.029149251485038094,0.05985189307327421,0.07219366279428706,0.015085949984821729
0006_petal_cutout.png,0.025744704119646078,0.008071087728109766,0.2179409097252575,0.004470231535163674,0.21278394163217948,6.443908720375971e-05,0.5136250005983629,0.01729968557407678
0008_petal_cutout.png,0.14258726328437651,0.0,0.011668205876803606,0.0,0.28853099770608037,0.000648652942870478,0.5170892046752267,0.03947567551464236
0009_petal_cutout.png,0.0,0.2364330183018302,0.30431668166816683,0.0,0.011864311431143115,0.0,0.3613186318631863,0.08606735673567356
0010_petal_cutout.png,0.44371671735926554,0.0,0.024576911770881452,0.0,0.08465614020353028,0.18299878217780205,0.11605280629028161,0.14799864219823905
0011_petal_cutout.png,0.5411301636198637,0.0,0.003384671629957567,0.0,0.015186891374019627,0.07199793190203359,0.02253123509363227,0.34576910638049324
0012_petal_cutout.png,0.1742418021664187,0.0001302904534996369,0.011334841219617139,0.0,0.16600845185714214,0.5691688678830178,0.01504528208846711,0.06407046433183747
0013_petal_cutout.png,0.2332517079922859,0.008169207372306437,0.00512380062701458,0.0021032071582919275,0.2525450174165234,0.43401663363634196,0.020552442225598645,0.04423798357163713
0014_petal_cutout.png,0.0,0.041500351897969245,3.8908384736645965e-05,0.9543252039802467,0.004135535737047408,0.0,0.0,0.0
0015_petal_cutout.png,0.05880392567255138,0.00047743484316305153,0.007593373925233279,0.0,0.557339851783182,0.19114229168327188,0.1182740472024445,0.06636907489015388
0016_petal_cutout.png,0.0447850452619357,0.0,0.010016405372226209,0.0,0.6053176513200895,0.19303557154154802,0.06898202477709668,0.07786330172710387
0017_petal_cutout.png,0.3439508174322568,0.0003172237155266215,0.0019226800479703124,0.0,0.04666591217721668,0.08058729289713698,0.018759207228135736,0.5077968665017568
0018_petal_cutout.png,0.24423157132101547,6.065836649930619e-07,0.01425774904566192,1.2010356566862625e-05,0.04897107639241887,0.07436861312894537,0.031632003645325195,0.5865263695264014
0019_petal_cutout.png,0.07535375563601159,0.07374984716958063,0.00390896546905839,0.12333926356946985,0.3669367294539775,0.01457141360028545,0.14559636301029766,0.196543662091319
0020_petal_cutout.png,0.17230347431973347,0.010916562134368797,0.1678259033233895,0.0641149398931739,0.12586978333799598,0.08952993980130107,0.1777545090794938,0.19168488811054346
0021_petal_cutout.png,0.19043815108925108,0.009527453770782188,0.16940431916970133,0.043278200790228344,0.10798508970682442,0.07118504155362847,0.1028292582258127,0.3053524856937715
0022_petal_cutout.png,0.0,0.7171699726118824,0.0009118420323320357,0.261603950563105,0.017969416506812174,0.0,0.0023448182858684056,0.0
0023_petal_cutout.png,0.0,0.2841905216628774,0.0019363455308126316,0.7028107180418868,0.01099380335594377,0.0,6.842343201784273e-05,1.8797646158748002e-07
0024_petal_cutout.png,0.0,0.7869530045837243,0.011245623770904033,0.1778329188329875,0.022963066588573,0.0,0.000955286550341181,5.00996734700063e-05
0025_petal_cutout.png,0.0,0.2673654904206734,1.0001494960299329e-05,0.7277458841216266,0.00487204403184476,0.0,3.9479585369602614e-06,2.6319723579735076e-06
0026_petal_cutout.png,0.0,0.2531758807648656,7.951197192802949e-05,0.7293304950483283,0.01712846333352103,0.0,0.00026456830516977787,2.1080576187324545e-05
0027_petal_cutout.png,0.0,0.5845843713042262,0.0013594932913950479,0.39215409311883576,0.021889759595162525,0.0,1.2282690380447562e-05,0.0
0028_petal_cutout.png,0.0,0.31563756886370437,0.005143558576836288,0.5807030181837294,0.0900271581487025,0.0,0.008488447138256474,2.4908877100347655e-07
0029_petal_cutout.png,0.0,0.1402303471648456,1.7179542921402147e-05,0.7640311107072224,0.09570803639751087,0.0,1.1238953313066825e-05,2.0872341867124104e-06
0030_petal_cutout.png,0.12483521343124153,0.0,0.006450823390270249,0.0,0.16225645700120783,0.043301558937346614,0.09573167600215482,0.5674242712377789
0031_petal_cutout.png,0.10760968749461476,0.00015551504692141153,0.22602220670807852,2.563896719515163e-05,0.08070978748658683,0.06945386057697764,0.03284898101917837,0.48317432270044736
0032_petal_cutout.png,0.09510230028103252,0.000991859934820633,0.10410248622020396,1.216734613920705e-05,0.08534829194241837,0.06573508302720475,0.01768623312347611,0.6310215781247045
0033_petal_cutout.png,0.09415933630528076,0.0005611978130133665,0.1778873814055478,1.0855327432859799e-05,0.08111519040244317,0.07437188361641615,0.03227017462603397,0.539623980503832
0034_petal_cutout.png,0.14932528163431358,0.0034209123394524717,0.03660708845064552,0.0,0.5212730350801741,0.03809573432454717,0.20052474987835023,0.050753198292517
0035_petal_cutout.png,0.22268336678438047,0.008953532684637078,0.06332765935824801,0.0,0.18007266075557024,1.524351515459465e-06,0.40144508523665556,0.12351617082899316
0036_petal_cutout.png,0.0,0.7037018601113844,0.006422629674441267,0.2785044239167806,0.011370871277987195,0.0,2.1501940657654056e-07,0.0
0037_petal_cutout.png,0.03523648981937814,0.0010825087179751136,0.08979299902633193,0.0,0.2658741137261462,0.0,0.3774202299915501,0.2305936587186185
0038_petal_cutout.png,0.0014863484702387025,0.11846388174143856,0.5033206573992719,0.1962191230840517,0.03962496431679625,0.003421974071270789,0.05831921061387341,0.07914384030305868
0039_petal_cutout.png,0.11247726662654982,1.4496501018009388e-05,0.1741155014142471,3.944626127349493e-07,0.02840939460047742,0.6830017579226336,0.001981188472461283,0.0
0040_petal_cutout.png,0.0007457590569292697,0.3522438662066322,0.018832662449683728,0.02287593444508338,0.20790804101974314,0.0,0.3973937368219283,0.0
0041_petal_cutout.png,0.028847494470333836,0.0022490576617524645,0.015338675907585093,0.0,0.5650089069549472,0.2433451108259786,0.1433176213150319,0.0018931328643708592
0042_petal_cutout.png,0.12858145104994,5.132042197050592e-06,0.012965171512267039,0.0,0.5801338646552172,0.12857748538096958,0.05861853588667984,0.09111835947272932
0043_petal_cutout.png,0.0,0.14799610913909828,0.00954925861400455,0.8264919029144708,0.015032312594824735,0.0,3.749865942292563e-06,0.0009266668716593382
0044_petal_cutout.png,0.0,0.20010154071918132,0.009572313379764833,0.7321078732305523,0.05787332718989264,0.0,0.00023121824754471755,0.00011372723306422974
0045_petal_cutout.png,0.2240384537610952,0.0006394232805562705,0.0314415872656662,0.0,0.2230254827397896,0.3122628635013069,0.11907745275403833,0.08951473669754749
0046_petal_cutout.png,0.0,0.42037670015841794,0.00020883718228449977,0.5513601706076934,0.027412249336152227,0.0,0.000568861954937148,7.318076051482051e-05
0047_petal_cutout.png,0.0,0.7685058617391156,0.0012057163569935867,0.22965664432937752,3.860281368711831e-05,0.0,9.016046993364242e-05,0.000503014290892484
0048_petal_cutout.png,0.0,0.6522271881636199,0.007712889971288234,0.3122099858968112,0.02483477146445262,0.0,0.00011080395804706593,0.0029043605457810106
0049_petal_cutout.png,0.0022801032241320848,0.12803543074566415,0.2763133324356549,0.41129954951652015,0.011730968439492695,0.00011616492219305508,0.07246993554935476,0.09775451516698819
0050_petal_cutout.png,0.2332517079922859,0.008169207372306437,0.00512380062701458,0.0021032071582919275,0.2525450174165234,0.43401663363634196,0.020552442225598645,0.04423798357163713
0051_petal_cutout.png,0.12483521343124153,0.0,0.006450823390270249,0.0,0.16225645700120783,0.043301558937346614,0.09573167600215482,0.5674242712377789
0052_petal_cutout.png,0.23156376600595788,0.0027973269756716786,0.04548398609987612,6.208923444077417e-07,0.1715348593280434,0.4121672754343633,0.07407669945219704,0.062375465811546134
0053_petal_cutout.png,0.10760968749461476,0.00015551504692141153,0.22602220670807852,2.563896719515163e-05,0.08070978748658683,0.06945386057697764,0.03284898101917837,0.48317432270044736
0054_petal_cutout.png,0.09510230028103252,0.000991859934820633,0.10410248622020396,1.216734613920705e-05,0.08534829194241837,0.06573508302720475,0.01768623312347611,0.6310215781247045
0055_petal_cutout.png,0.09415933630528076,0.0005611978130133665,0.1778873814055478,1.0855327432859799e-05,0.08111519040244317,0.07437188361641615,0.03227017462603397,0.539623980503832
0056_petal_cutout.png,0.13437097296869632,0.0,0.004751314390503224,0.0,0.38898719045033386,0.1740774338848842,0.29757931050179315,0.00023377780378921632
0057_petal_cutout.png,0.14932528163431358,0.0034209123394524717,0.03660708845064552,0.0,0.5212730350801741,0.03809573432454717,0.20052474987835023,0.050753198292517
0058_petal_cutout.png,0.22268336678438047,0.008953532684637078,0.06332765935824801,0.0,0.18007266075557024,1.524351515459465e-06,0.40144508523665556,0.12351617082899316
0059_petal_cutout.png,0.16764859748272504,1.2123849977055614e-06,0.5745353079851919,0.0,0.005448458179688793,0.04776089666377917,0.0019953836420570697,0.2026101436615603
0060_petal_cutout.png,0.1971754135909232,0.0,0.5172562956167269,0.0,0.0027199525197664225,0.03356066658512487,0.0015705361774682387,0.24771713550999036
0061_petal_cutout.png,0.26796185910981657,0.0,0.173204848408459,0.0,0.12316122658739771,0.11114375765366319,0.017888554726202415,0.3066397535144611
0062_petal_cutout.png,0.1723170618728054,1.6954273718272044e-05,0.22473410551976655,0.0,0.10015785639851263,0.45197623253028607,0.01032164073772889,0.04047614866718216
0063_petal_cutout.png,0.0,0.2531758807648656,7.951197192802949e-05,0.7293304950483283,0.01712846333352103,0.0,0.00026456830516977787,2.1080576187324545e-05
0064_petal_cutout.png,0.014202766104407342,0.030300213707087537,0.11199957996722983,0.30122987444991983,0.3723410959899112,0.01478747493473487,0.09126517733371867,0.06387381751299068
0065_petal_cutout.png,0.11013841371809444,0.011580834327657673,0.01744272974547182,0.0,0.1706652642452277,0.6428350778777443,0.047230161108817725,0.00010751897698633959
0066_petal_cutout.png,0.14062418920922665,9.46015534289047e-05,0.11746261804316814,0.0,0.28091370311151137,0.1620826774228548,0.16120729431524985,0.13761491634456027
0067_petal_cutout.png,0.0,0.16921293049347705,0.00011609739950561534,0.7803777921982742,0.04771913748174451,0.0,0.0025615202158479743,1.2522211150689279e-05
0068_petal_cutout.png,0.15341014113420032,0.028233903995778763,0.261579420832292,0.10443470596640243,0.16454536357054061,0.13433559147340296,0.11391118814843039,0.039549684878952523
0069_petal_cutout.png,0.07308749317155226,0.005353021723488176,0.1786465114152394,0.000295999672715809,0.33818131062879475,0.09955924926782195,0.07785513342847035,0.2270212806919173
0070_petal_cutout.png,0.04100819743697407,0.0,0.017359368869447837,0.0,0.502244178341623,0.34680244890595174,0.011136207441854062,0.08144959900414926
0071_petal_cutout.png,0.0,0.7037018601113844,0.006422629674441267,0.2785044239167806,0.011370871277987195,0.0,2.1501940657654056e-07,0.0
0072_petal_cutout.png,0.0,0.6575361105461818,0.0904926715177158,0.2166929739141399,0.023235816997950555,0.0,0.002108474463226874,0.009933952560785077
0073_petal_cutout.png,0.0,0.6534093641971399,0.0008105344717643983,0.3178847621900432,0.027892243680378924,0.0,2.857348314093061e-06,2.3811235950775508e-07
0074_petal_cutout.png,0.0,0.5845843713042262,0.0013594932913950479,0.39215409311883576,0.021889759595162525,0.0,1.2282690380447562e-05,0.0
0075_petal_cutout.png,0.3044894113598932,9.418543102078798e-07,0.04201564985121842,0.005748607782353795,0.17883458715072117,0.2972165693521863,0.16256703648052906,0.009127196168787828
0076_petal_cutout.png,0.0,0.2895951981601646,0.0026156761150332056,0.5767662338015381,0.1289084948308999,0.0,0.0021124941893497238,1.9029030144702182e-06
0077_petal_cutout.png,0.0,0.30829748772892807,0.001981643302484505,0.6265901048921362,0.06010516176703436,0.0,0.003025602309416886,0.0
0078_petal_cutout.png,0.04381757785667858,0.0075298921391156225,0.025896632330314563,0.0,0.5942467602840956,0.10976404030708907,0.21432373690962284,0.004421360173083692
0079_petal_cutout.png,0.15855687877243352,0.01552938942245252,0.08505641230480523,0.0025261056420675457,0.18643690274911812,0.4437046881271858,0.019885659517738,0.08830396346419932
0080_petal_cutout.png,0.07535375563601159,0.07374984716958063,0.00390896546905839,0.12333926356946985,0.3669367294539775,0.01457141360028545,0.14559636301029766,0.196543662091319
0081_petal_cutout.png,0.37960756536057605,0.0,0.020168111892359793,0.0,0.09352154170906164,0.31170556880134853,0.019021874722037216,0.17597533751461678
0082_petal_cutout.png,0.5362012386214293,0.010447670662077878,0.0032891596450281527,0.007624774186742619,0.05736496257323822,0.07606049817371467,0.023298917414982134,0.28571277872278705
0083_petal_cutout.png,0.5376470880622981,0.008948720072901997,0.004089967691160633,0.008299726617513048,0.056580896363184495,0.045829343053599536,0.03040178941264187,0.3082024687267004
0084_petal_cutout.png,0.1654480423789865,9.991241107939379e-05,0.0013578874082144702,0.0,0.5246083980556526,0.05852189521462741,0.08471564697461188,0.1652482175568277
0085_petal_cutout.png,0.0,0.012594836218987765,2.2836299223411527e-05,0.98677912001041,0.0006016644781879911,0.0,1.5429931907710492e-06,0.0
0086_petal_cutout.png,0.03437835140758901,0.002789621987718158,0.02585503729427689,8.947221297096913e-05,0.5035975647574686,0.12066257387755372,0.25532763595129027,0.05729974251113234
0087_petal_cutout.png,0.3439508174322568,0.0003172237155266215,0.0019226800479703124,0.0,0.04666591217721668,0.08058729289713698,0.018759207228135736,0.5077968665017568
0088_petal_cutout.png,0.24423157132101547,6.065836649930619e-07,0.01425774904566192,1.2010356566862625e-05,0.04897107639241887,0.07436861312894537,0.031632003645325195,0.5865263695264014
0089_petal_cutout.png,0.45532456942124677,0.0006157396011804189,0.0007860482627385439,0.006276644391528949,0.06891662254548432,0.24209026143618353,0.006103319510790794,0.21988679483084667
0090_petal_cutout.png,0.46457937374782177,0.0005709152004909044,0.0005174062537031406,0.007438662212027709,0.0642061431026738,0.2752389989739143,0.007600796617315954,0.17984770389205249
0091_petal_cutout.png,0.010723752550288757,0.024495976342066014,0.5758769156371553,0.10861720010340485,0.09843430811989648,0.030007472415725257,0.13576243291224005,0.016081941919223314
0092_petal_cutout.png,0.1965137357598053,0.0004318444438621242,0.0336875648242149,0.0,0.04823745759746138,0.6657816690856436,0.0025795494024971957,0.052768178886515464
0093_petal_cutout.png,0.40977231324788127,0.0003665199543702685,0.02134415435096614,0.0,0.021420137142053146,0.45256326756545,0.0023290540543077923,0.09220455368497134
0094_petal_cutout.png,0.08187163297383739,0.0,0.0004034823674102231,0.0,0.6940597000717241,0.11198865106680737,0.11085972108016197,0.0008168124400589331
0095_petal_cutout.png,0.0565154991003853,0.0,0.020097773007064303,0.0,0.5351375520579197,0.1521120035940066,0.12841672582650543,0.10772044641411874
0096_petal_cutout.png,0.3331123040782133,6.153209745978324e-05,0.04149098743015724,0.0,0.18029928129804254,0.33797357508192416,0.018912590184818653,0.08814972982938432
0097_petal_cutout.png,0.26141075768012645,0.00011694672049230253,0.016843410704858848,0.0,0.2828873343721518,0.3614114051004596,0.014010587069453918,0.06331955835245706
0098_petal_cutout.png,0.02235225915856544,0.0018517464865955278,0.4681141708739456,0.0011984229517889406,0.031197591376765952,0.02077306238046109,0.1950793437957938,0.25943340297608364
0099_petal_cutout.png,0.2531444365839011,0.00011423866575885007,0.005680223403750047,4.1541333003218206e-07,0.11181722145809248,0.5757162106605307,0.014240784366833233,0.03928646944780352
0100_petal_cutout.png,0.6441345502997039,0.0037477624706374734,0.011159648616341729,0.002441070502140398,0.018923277497868797,0.1231022942975529,0.014731703931362763,0.18175969238439207
0101_petal_cutout.png,0.5680116347234492,0.0012148723980462415,0.0011135750545829882,0.006520459906636688,0.031151855153704108,0.2207472265330024,0.0040616338677092875,0.16717874236286906
0102_petal_cutout.png,0.18870547754888797,0.0013843202438533352,0.016785881264589853,9.98307868163463e-07,0.39230737233722174,0.30386095568012217,0.07444248665179187,0.022512507965664865
0103_petal_cutout.png,0.15745208389240184,0.0033287096006077628,0.005667915200489838,0.0013685996893153978,0.43508619418921524,0.2993555751255778,0.09458758697845995,0.0031533353239321634
0104_petal_cutout.png,2.2538783706499202e-05,0.6219628988955492,0.02767221204689175,0.2976549843575804,0.024298949390483295,2.279061369204668e-05,0.026389767845491224,0.0019758580666055054
0105_petal_cutout.png,1.5069895683168102e-06,0.6367568921414413,0.025896259440912898,0.2758508237054281,0.03693134125386957,0.0,0.023088285778268186,0.0014748906905116621
0106_petal_cutout.png,1.9716678423386305e-05,0.4775789450839441,0.024881029704239895,0.437643734940323,0.03310557969233187,1.1347728588999314e-06,0.025420188658824724,0.0013496704690541057
0107_petal_cutout.png,0.009436492873858594,0.011507820718407889,0.038452741434881726,1.702806814254469e-05,0.613258516346525,0.251667279116525,0.07444534746929271,0.0012147739723665989
0109_petal_cutout.png,0.19181843834050386,4.6141751008463464e-05,0.12329350138610788,0.0,0.24000672120750705,0.3369915191138977,0.008946659651829836,0.09889701854914525
0110_petal_cutout.png,0.0,0.0548222190305339,4.920804268551663e-06,0.9451728601651975,0.0,0.0,0.0,0.0
0111_petal_cutout.png,0.0,0.13837846262309417,4.466746810288368e-05,0.8615623674840942,1.3052182237855621e-05,0.0,4.834141569576156e-07,9.668283139152313e-07
0112_petal_cutout.png,0.0,0.049212591725543715,3.6128652560958595e-05,0.9507347861065958,6.9377484990246575e-06,0.0,1.1781082356834325e-06,8.377658564859963e-06
0113_petal_cutout.png,0.13843392302247248,0.0,0.04470647824614143,0.0,0.38300782002061656,0.23350685712725136,0.19666806496684705,0.003676856616671074
0114_petal_cutout.png,0.00010595758391923264,0.07934467403068432,0.3719977651831228,0.1662582927816654,0.1371090103189881,0.08517750477118945,0.09729911433504904,0.06270768099538165
0115_petal_cutout.png,0.1537026789543198,0.0,0.001253826271512927,0.0,0.088070983222388,0.026489122998722824,0.0725577044160991,0.6579256841369574
0116_petal_cutout.png,0.004232583350447263,0.029023260355049506,0.34879001713637386,0.3764536459402954,0.08577142299236774,0.013770877591076966,0.05955277094155789,0.08240542169283134
0117_petal_cutout.png,0.02485674711446438,0.011355419177082215,0.1211911748929732,0.000831799471854897,0.5343356851661899,0.12073828280442196,0.18454603953707419,0.0021448518359392685
0118_petal_cutout.png,0.026449009796396375,0.009651342115061995,0.12590560108113488,0.0,0.5264546709714384,0.1150692575336888,0.1945459598757276,0.0019241586265519365
0119_petal_cutout.png,0.019498499076918804,0.018618492431865703,0.09955621640345759,0.004712484444943909,0.693954158905747,0.06568573270582499,0.09641524587082212,0.0015591701604199138
0121_petal_cutout.png,0.011705014877741666,0.08191924465265879,0.17664443694603477,0.1632952425431097,0.036539084947579056,0.0051002467807895165,0.06052786778959757,0.4642688614624889
0122_petal_cutout.png,0.10596007319539733,0.006393795961349189,0.13138187852248528,6.624799851834912e-05,0.31339234973873803,0.21059619454214423,0.08989608569380232,0.14231337434756522
0123_petal_cutout.png,0.0006346662336653464,0.25178960574879344,0.017167061605146017,0.6831031942998024,0.006735545806536023,1.752253544078814e-06,0.007688654917611959,0.032879519134900746
0124_petal_cutout.png,0.0035100482256836428,0.3616553238218323,0.45088431114722904,0.02476375270960661,0.002597308995872825,5.630717025359764e-07,0.05739741783763293,0.09919127419044015
0125_petal_cutout.png,0.0,0.3265504734764557,0.21734580484179955,0.000419277207000225,0.08580695522937531,0.0,0.36987237610869844,5.113136670734451e-06
0126_petal_cutout.png,0.058515341380859606,0.0,0.01700616549249147,0.0,0.5988215603571732,0.060674102119377314,0.2119290179506811,0.053053812699417356
0127_petal_cutout.png,0.06253675598579411,0.0,0.016568640162931244,0.0,0.5676304446138131,0.05724123754376089,0.24108764195606042,0.054935279737640216
0128_petal_cutout.png,0.409236031753622,0.0,0.004599547395479463,0.0,0.167932058968695,0.15848643614239555,0.1355508803281273,0.1241950454116807
0129_petal_cutout.png,0.008218201265709957,0.049130938586326764,0.3518709332382565,0.0,0.04671004545859702,0.0,0.5368535520099831,0.00721632944112666
0130_petal_cutout.png,0.012505384412850765,0.004480753813475725,0.005104041483721527,2.305804098019156e-06,0.7848253879407311,0.09082533519546229,0.10209019700357876,0.00016659434608188401
0131_petal_cutout.png,0.0,0.24107116690134653,4.2140855041779785e-06,0.55746834599251,0.19095592124027433,0.0,0.010496520793542949,3.8309868219799805e-06
0132_petal_cutout.png,0.028446617815208575,0.011465400881612024,0.20874574789663414,1.1428891921307845e-05,0.1076766702981618,0.0032976586115906954,0.1791753948655703,0.46118108073930114
0133_petal_cutout.png,0.0,0.508198313985525,0.1454322831649964,5.191387932396263e-06,0.038171533840062236,0.0,0.2752622207125996,0.032930456908884465
0134_petal_cutout.png,0.01310455002477043,0.0,0.01760568716515501,0.0,0.816030700700052,0.13494658157623543,0.018242977008442848,6.950352534422536e-05
0135_petal_cutout.png,0.01163707949001851,0.00012614392659310108,0.016789635724819778,0.0,0.8041632331964602,0.14912952630335963,0.0180772710138452,7.7110344903557e-05
0136_petal_cutout.png,0.2395922402682126,0.0,0.0182497149848309,0.0,0.24114376237187676,0.32936297075474347,0.14011071243307377,0.03154059918726248
0137_petal_cutout.png,0.0,0.0,5.946540600005947e-06,0.0,0.9233669312877234,0.0,0.07662712217167662,0.0
0138_petal_cutout.png,0.0,0.0,5.946540600005947e-06,0.0,0.9233669312877234,0.0,0.07662712217167662,0.0
0139_petal_cutout.png,0.032111127361122746,0.019440614648012916,0.1482819872407433,0.0,0.2579170293337953,0.007747705790226233,0.41488385895810287,0.11961767666799665
0140_petal_cutout.png,0.17619991688160197,0.0,0.021794389810504165,0.0,0.016831979551664603,0.11618231889579526,0.021838569557231586,0.6471528253032024
0141_petal_cutout.png,0.0,0.389672628110442,0.0007642767867287808,0.5713525281218044,0.03750082945119873,0.0,0.0007088285422111124,9.08987615043745e-07
0142_petal_cutout.png,0.0,0.4566461655379029,0.01835915376554339,0.4823186058544335,0.040660121502769944,0.0,0.0018443200971762646,0.00017163324217406235
0143_petal_cutout.png,0.7176304328389393,1.0757741868701043e-06,0.006271643978987501,0.0,0.012543407488440208,0.10760526928540384,0.0008631294892654471,0.15508504114477673
0144_petal_cutout.png,0.3665994349517832,0.0,0.04728376483770308,0.0,0.00020160082847329932,1.886323541270637e-06,0.2902297400599002,0.29568357299859893
0145_petal_cutout.png,0.3951037028305872,0.0012947458358958512,0.13128702418345,0.0,0.009089278629100308,0.44478509560252605,0.00620399046366762,0.01223616245477296
0146_petal_cutout.png,0.1195107562456806,0.0033715352831326186,0.039729204346611376,1.1763494934344994e-07,0.2796594468216507,0.5032133750937403,0.05179266840178217,0.0027228961724528357
0147_petal_cutout.png,0.2257378203642469,0.00045821134753729195,0.04866582646424105,0.0,0.32588814037816227,0.17443905811321023,0.092075568393382,0.13273537493922027
0148_petal_cutout.png,0.18522095712748926,1.6210849986739524e-07,0.07314367935716846,0.0,0.008886787962730607,0.0355622279414101,0.01883198232109544,0.6783542031816062
0149_petal_cutout.png,0.237475483877201,0.0008914029197132255,0.0142980418120345,0.0,0.02672352729101483,0.0,0.5994534627164245,0.12115808138361192
0150_petal_cutout.png,0.2802800599973656,0.0017598631912079557,0.012667953235733961,2.5514508027661554e-06,0.04653591119165191,0.0,0.561853067689033,0.09690059324420477
0151_petal_cutout.png,0.2388074524187668,0.0,0.013369606942030883,0.0,0.21010731737011176,0.285098809593466,0.06748916816378171,0.1851276455118428
0152_petal_cutout.png,0.22563933551384732,0.038776668297280124,0.05170638723272306,6.24425452434315e-06,0.03531537140521313,5.574139404657544e-05,0.3275999400551566,0.32090031184720885
0153_petal_cutout.png,0.0,0.4441599971434041,0.2507625028144413,0.0007677101507350279,0.006695642600176752,0.0,0.29205419993989246,0.005559947351350386
0154_petal_cutout.png,0.289244437056929,0.0059390947319339265,0.00037669133329303777,0.0,2.860263705520201e-05,0.0,0.6759855497318907,0.028425624508898118
0155_petal_cutout.png,0.040044148072526646,0.015321951493232983,3.6654303758287944e-05,0.0,0.2398607860492815,0.0004253709325035885,0.704284842857117,2.6246291580008652e-05
0156_petal_cutout.png,0.0628198981253668,0.0,0.09054493615465391,0.0,0.39042810111774323,0.003773116312211208,0.2866292130955766,0.1658047351944483
0157_petal_cutout.png,0.08810509234676177,0.0,0.08662813859816283,0.0,0.24207294802597473,0.005222494737209118,0.30544821030815406,0.2725231159837375
0158_petal_cutout.png,0.08640246810565554,0.0,0.07325994200019964,0.0,0.0008028510169588413,0.0,0.35223403320441643,0.4873007056727695
0159_petal_cutout.png,0.0,0.9422798236772549,0.0024311428534349627,3.244407722555555e-05,0.03460917864574096,0.0,0.02063875899241674,8.651753926814813e-06
0160_petal_cutout.png,0.056477723818894904,0.029487180335527347,0.0743465766033431,0.0,0.26236457250470313,0.0,0.501535501143768,0.0757884455937635
0161_petal_cutout.png,0.017699659674188788,0.073786280505837,0.0918240280572975,0.0001007070272724221,0.3629840930852637,0.0,0.40813920588512687,0.04546602576501374
0162_petal_cutout.png,0.011535792502906305,0.7063245075616709,0.09173527238745269,0.1309597387345441,0.00896969820962415,0.000913386356819264,0.04718541380064749,0.0023761904463350868
0163_petal_cutout.png,0.0,0.08568548569347344,0.09613907615985416,0.09086963031700661,0.41709452870747615,0.0,0.3067900263644867,0.0034212527577029547
0164_petal_cutout.png,0.44053280567805553,0.0,0.02120787191744261,0.0,0.06000182151330133,0.16716035016265107,0.0805301646700174,0.23056698605853204
0165_petal_cutout.png,0.12193400910722033,0.0008197392198496171,0.7354738271471818,0.0,0.017341765468824072,0.025128659530135367,0.018138039670964584,0.08116395985582422
0166_petal_cutout.png,0.19471197679417282,0.0,0.35134154756208535,0.0,0.021144803307270782,0.06848717267550947,0.023338600514887155,0.3409758991460744
0167_petal_cutout.png,0.06881491046548935,0.00013929552263521804,0.391085817122269,1.2176182048533043e-07,0.016576897764513855,0.025799381571713756,0.023775334829786107,0.47380824096177226
0168_petal_cutout.png,0.04869921815932749,2.3425586808021344e-07,0.47029102660643013,3.748093889283415e-06,0.012998389608034882,0.01518001450746591,0.011401467355332068,0.4414259014136522
0169_petal_cutout.png,0.5579716485911107,2.976380043252755e-07,0.16417374995510628,0.0,0.00492898456429467,0.0956591679747857,0.0011391598552209377,0.17612699142147745
0170_petal_cutout.png,0.19544127626200705,0.0,0.006925930476243627,0.0,0.012550901018779615,0.005106913585457016,0.06091951461593087,0.7190554640415818
0171_petal_cutout.png,0.2742847886288423,0.0,0.009452024236739813,0.0,0.03518594052507566,0.0367232788735344,0.05510857913555986,0.589245388600248
0172_petal_cutout.png,0.20197872392646393,0.0012038208010980594,0.11252101636719505,0.001069828065359801,0.010660231883765236,0.03339084882460421,0.019467465189779397,0.6197080649417342
0173_petal_cutout.png,0.36044379660837433,0.0007746850908620551,0.016690409850826253,0.0,0.0010561118283470303,0.002267465299977821,0.16149618263728252,0.45727134868433
0174_petal_cutout.png,0.34185520772679734,0.0,0.002143511700773586,0.0,0.01620670530979304,0.04368455520228107,0.05088904451753659,0.5452209755428183
0175_petal_cutout.png,0.37150117347977873,0.0,0.02166925110879637,0.0,0.08541000349029923,0.12470576182168316,0.16276279881811076,0.23395101128133175
0176_petal_cutout.png,0.002770359549528772,0.8223983824966397,0.08922252471393055,0.014004898977417373,0.00024189732368834875,0.0,0.02561623244983839,0.04574570448895687
0177_petal_cutout.png,0.5836580603560054,5.5207589440747116e-05,0.021261497528467184,0.0,0.0652260545300293,0.12765186505073275,0.041391581952241734,0.16075573299308288
0178_petal_cutout.png,0.3886278199876924,0.0007694589539404734,0.01731656170130114,7.159205477601492e-06,0.16359889524121388,0.12723931387419782,0.09434027454619197,0.20810051648998473
0179_petal_cutout.png,0.2898377722365193,0.0018716880745866487,0.08899006461050016,0.0,0.0208434810600206,0.005671292886630237,0.33636725979834897,0.25641844133339414
0180_petal_cutout.png,0.1621032170157143,2.4099120647186704e-07,0.038772593226845745,0.0,0.01031562859302827,0.0002617164502284476,0.27194074315422306,0.5166058605687537
0181_petal_cutout.png,0.2918672772000693,0.00021609409681492566,0.009074520979493005,0.0,0.1517607852659126,0.1508054156138241,0.023178715542412878,0.37309719130147323
0182_petal_cutout.png,0.10204103031923539,0.0031430713495546225,0.04225713941186031,0.0,1.0485642533960374e-05,0.0,0.26526840623476305,0.5872798670420527
0183_petal_cutout.png,0.3519350540592652,0.01128150819162621,0.023309169498890614,3.26916823266348e-05,0.2954948214188075,0.0954492372420422,0.1571420102506842,0.06535550765635746
0184_petal_cutout.png,0.030638065036216224,8.20395236848633e-05,0.056724520962242626,0.0,0.047576938020900364,0.8630915274122041,0.0014601626812065585,0.00042674636354529753
0185_petal_cutout.png,0.27304872344141806,0.0,0.00016613229953201886,0.0,0.29452897728755645,0.2303376651535745,0.2013737618710144,0.0005447399469045855
0186_petal_cutout.png,0.04281481764255523,0.5120769258502839,0.011259355402433412,2.120805312193146e-06,0.00916824136461097,0.0,0.42368388124338574,0.0009946576914185855
0187_petal_cutout.png,0.0,0.03967446592065107,0.037131230925737536,0.0,0.0254323499491353,0.0,0.897761953204476,0.0
0188_petal_cutout.png,0.0,0.0,0.00028011204481792715,0.0,0.0,0.0,0.9997198879551821,0.0
0189_petal_cutout.png,0.5228458235216463,0.0,0.011916174383197094,0.0,0.06484018959162878,0.060745372581463786,0.09929703740617124,0.2403554025158928
0190_petal_cutout.png,0.5411301636198637,0.0,0.003384671629957567,0.0,0.015186891374019627,0.07199793190203359,0.02253123509363227,0.34576910638049324
0191_petal_cutout.png,0.0,0.5126914440457452,0.03363596350533768,0.019578207643587697,0.34111468365573266,0.0,0.08426708542526129,0.008712615724335494
0192_petal_cutout.png,0.0,0.5818112603556757,0.05522481405647046,0.00010859473423335212,0.16005246882342997,0.0,0.19438716937245218,0.008415692657738344
