Sample_ID,Bin_0,Bin_1,Bin_2,Bin_3,Bin_4,Bin_5
0001_petal_cutout,0.006656294571172671,0.0,0.22526249608924911,0.0014151708057500861,0.34398983572911934,0.4226762028047088
0002_petal_cutout,0.024582630495347528,4.227596907090103e-07,0.10300863979887913,0.01571200482509727,0.2148787454747098,0.6418175566462756
0003_petal_cutout,0.43489543336750425,0.000233504118471191,0.013797438170868787,0.0036620057821554956,0.02150632803970559,0.5259052905212946
0004_petal_cutout,0.5197466694231817,0.0004656940977061028,0.02110612303214817,0.0028760586276186527,0.04100775251069725,0.4147977023086481
0005_petal_cutout,0.6890000634443211,0.0010852392946243314,0.03398311129243479,0.006447137935635594,0.16120320021121554,0.10828124782176869
0006_petal_cutout,0.3693887823700549,0.004088015692206516,0.2972435167834364,0.0434897558421397,0.24138256086824122,0.04440736844392124
0008_petal_cutout,0.0779745980675465,0.0,0.4185932612387166,0.010797509458694551,0.3743831739506063,0.1182514572844361
0009_petal_cutout,0.45213396339633966,0.0,0.007864536453645364,0.44955745574557454,0.0,0.09044404440444044
0010_petal_cutout,0.02607719272986144,0.0,0.10669992181141554,0.0009001185826869277,0.5244034370981837,0.34191932977785244
0011_petal_cutout,0.004339544477626793,0.0,0.019064142404553275,0.0008179370722785096,0.36541062885537484,0.6103677471901666
0012_petal_cutout,0.008892296686672015,0.0,0.20033575753514016,4.9461125321965695e-05,0.6545424101849664,0.13618007446789945
0013_petal_cutout,0.008493894735595505,0.0016042629209145891,0.284718532148067,0.012128052861302103,0.5886450780821649,0.10441017925195584
0014_petal_cutout,5.5424183466003494e-05,0.9461720735473849,0.004341020643937821,0.04943148162521133,0.0,0.0
0015_petal_cutout,0.004823178500935423,0.0,0.5924539057728074,0.0020879658128560097,0.30424710956798373,0.09638784034541742
0016_petal_cutout,0.01124062321645963,0.0,0.6540633368510046,2.0596596881577734e-05,0.2441053819395145,0.09057006139613971
0017_petal_cutout,0.00661657659816769,0.0,0.053665122710734765,0.0011686132811488698,0.20184061611143533,0.7367090712985134
0018_petal_cutout,0.019928578412949056,2.8752065720671135e-05,0.056808501294328226,0.0008113663102947196,0.17445540311973257,0.7479673987969747
0019_petal_cutout,0.04957594237107974,0.11851156895084725,0.3998497895306796,0.09626944065314107,0.07911700197868608,0.25667625651556625
0020_petal_cutout,0.1862669793275789,0.06318301299909913,0.14563201646361046,0.029150083190197195,0.2685874902336598,0.30718041778585453
0021_petal_cutout,0.14460301559389657,0.04243758356944164,0.11634224884023887,0.022588664221745467,0.21148384933208939,0.4625446384425881
0022_petal_cutout,0.003614225821400674,0.23672436285341558,0.015362316853035006,0.7442990944721487,0.0,0.0
0023_petal_cutout,0.0066212828829573965,0.6864763154357811,0.009033584814509527,0.29786862889029037,0.0,1.8797646158748002e-07
0024_petal_cutout,0.03328009347716954,0.15230753102136724,0.019934015450377405,0.7944349327946243,0.0,4.342725646158559e-05
0025_petal_cutout,1.4212650733056941e-05,0.7035888522284384,0.0035450035689545173,0.2928498259739877,0.0,2.105577886378806e-06
0026_petal_cutout,0.00021632349657999485,0.7077199333684016,0.012723613273009873,0.27932046408959216,0.0,1.966577241636317e-05
0027_petal_cutout,0.013457316648259342,0.3713493462851379,0.015278037496797727,0.599915299569805,0.0,0.0
0028_petal_cutout,0.007243626005166599,0.5429613366900536,0.0850391555093579,0.3647556327066509,0.0,2.4908877100347655e-07
0029_petal_cutout,0.0008499859834196538,0.724492794064805,0.08897734837126695,0.1856777843463216,0.0,2.0872341867124104e-06
0030_petal_cutout,0.008764120610768054,0.0,0.19733088197532012,0.0009402101145593003,0.15142024265607906,0.6415445446432735
0031_petal_cutout,0.10515843410638322,5.884353126756112e-06,0.0890058847734377,0.004403177382564074,0.1485664665005878,0.6528601528839004
0032_petal_cutout,0.03837470360068274,1.614938669385663e-05,0.09029841080079831,0.0023533859677979017,0.12849668788246255,0.7404606623615646
0033_petal_cutout,0.0920072676417163,9.046106194049834e-07,0.08743774017411945,0.003453011810596247,0.15149638427135423,0.6656046914915944
0034_petal_cutout,0.06138184134632226,1.4718665947218275e-06,0.5708822986552733,0.014297417727808888,0.2493674653309183,0.10406950507308259
0035_petal_cutout,0.15195193211554583,0.0,0.2512141459820635,0.08229567338228196,0.2510708569396103,0.2634673915804985
0036_petal_cutout,0.0221330226159562,0.24770805439044902,0.011023399916959505,0.7191355230766353,0.0,0.0
0037_petal_cutout,0.13108649775455844,0.0,0.4279925280626579,0.08257949120481772,0.08852283401747456,0.2698186489604914
0038_petal_cutout,0.49229404942678484,0.18874179517947598,0.04096380831348926,0.14066358297075676,0.022081012014109655,0.11525575209538351
0039_petal_cutout,0.12538783071005835,1.9723130636747466e-07,0.038033493425984714,0.0001735635496033777,0.8344046937895214,0.0020002212935257445
0040_petal_cutout,0.1374922129576385,0.020677592486103125,0.20748574372244585,0.6207081416522906,0.012420332566609162,0.001215976614912785
0041_petal_cutout,0.02271338722354509,0.0,0.6522046764479513,0.005165200853916599,0.3113897702164654,0.008526965258121627
0042_petal_cutout,0.019005118628904943,0.0,0.6057702816266475,0.003327079628883367,0.21282613982365603,0.15907138029190823
0043_petal_cutout,0.011488989268633646,0.7717386103446802,0.030996841862903402,0.1846579484783419,0.0,0.0011176100454408755
0044_petal_cutout,0.01039902288165481,0.6964102375261417,0.0647077438988849,0.22835278920108043,0.0,0.00013020649223811635
0045_petal_cutout,0.044990020317692135,0.0,0.2627372169484394,0.004221915711104874,0.5395404414786368,0.14851040554412687
0046_petal_cutout,0.0005040171323706583,0.5054839064627035,0.028286031126567794,0.46565654987988353,0.0,6.94953984745058e-05
0047_petal_cutout,0.007373791699217344,0.17141769160408432,0.00015375696977072546,0.8207871571710288,0.0,0.0002676025558988371
0048_petal_cutout,0.008778305309721856,0.2355510971212903,0.023760583351371555,0.7288781623707089,0.0,0.003031851846907454
0049_petal_cutout,0.2653872526995901,0.39414287041123003,0.01604320233005325,0.16285797705053975,0.007450286612725969,0.15411841089586087
0050_petal_cutout,0.008493894735595505,0.0016042629209145891,0.284718532148067,0.012128052861302103,0.5886450780821649,0.10441017925195584
0051_petal_cutout,0.008764120610768054,0.0,0.19733088197532012,0.0009402101145593003,0.15142024265607906,0.6415445446432735
0052_petal_cutout,0.03884799220490358,5.691513157070965e-06,0.20269961921707338,0.016868713659041728,0.6178562843256452,0.12372169908017903
0053_petal_cutout,0.10515843410638322,5.884353126756112e-06,0.0890058847734377,0.004403177382564074,0.1485664665005878,0.6528601528839004
0054_petal_cutout,0.03837470360068274,1.614938669385663e-05,0.09029841080079831,0.0023533859677979017,0.12849668788246255,0.7404606623615646
0055_petal_cutout,0.0920072676417163,9.046106194049834e-07,0.08743774017411945,0.003453011810596247,0.15149638427135423,0.6656046914915944
0056_petal_cutout,0.015489920025664619,0.0,0.46699744545997435,0.0021160305244231153,0.48398432377304584,0.03141228021689205
0057_petal_cutout,0.06138184134632226,1.4718665947218275e-06,0.5708822986552733,0.014297417727808888,0.2493674653309183,0.10406950507308259
0058_petal_cutout,0.15195193211554583,0.0,0.2512141459820635,0.08229567338228196,0.2510708569396103,0.2634673915804985
0059_petal_cutout,0.2966572727035761,0.0,0.006560821415083645,5.395113239789748e-05,0.1604189436772405,0.5363090110717018
0060_petal_cutout,0.1416790729137866,0.0,0.003385110418413685,3.964517276705539e-06,0.14513319529960958,0.7097986568509135
0061_petal_cutout,0.023153962297372613,0.0,0.13276692717886004,0.00019207071473638205,0.24977744091570464,0.5941095988933263
0062_petal_cutout,0.13523491660011105,0.0,0.11042391133883661,0.0012056910652794035,0.6039279419146583,0.1492075390811147
0063_petal_cutout,0.00021632349657999485,0.7077199333684016,0.012723613273009873,0.27932046408959216,0.0,1.966577241636317e-05
0064_petal_cutout,0.09812870504132726,0.3071723587968528,0.37795821816512964,0.06124289981846641,0.061336482249126766,0.09416133592909716
0065_petal_cutout,0.022565036351743884,0.0,0.21137544744595305,0.019143203439702477,0.7417633187624761,0.0051529940001244084
0066_petal_cutout,0.038476568202428965,0.0,0.34231827098959217,0.007922943847348282,0.33652934439466037,0.27475287256597025
0067_petal_cutout,0.0005440852209272357,0.7497295347998557,0.042747043083686716,0.2069671058985924,0.0,1.2230996937882553e-05
0068_petal_cutout,0.1927072368403449,0.10633982769351301,0.18022537161914476,0.05999538703671694,0.2932743316420918,0.16745784516818854
0069_petal_cutout,0.1100153775439728,0.00021225342384987282,0.3646358602400244,0.010906986314226515,0.18545414291249238,0.32877537956543396
0070_petal_cutout,0.011865941274223775,0.0,0.5602882235795053,2.6265708252105876e-06,0.3303708029662498,0.09747240560919597
0071_petal_cutout,0.0221330226159562,0.24770805439044902,0.011023399916959505,0.7191355230766353,0.0,0.0
0072_petal_cutout,0.1638214310534084,0.19646602932902096,0.02147591508509783,0.6102423370329003,0.0,0.007994287499572499
0073_petal_cutout,0.0036866936622585718,0.2855417222857453,0.02296784197339904,0.6878037420785971,0.0,0.0
0074_petal_cutout,0.013457316648259342,0.3713493462851379,0.015278037496797727,0.599915299569805,0.0,0.0
0075_petal_cutout,0.11609107856760285,0.006320784275805081,0.21618366284629628,0.0003112828495237043,0.5566293043526855,0.10446388710808657
0076_petal_cutout,0.0034223710715246877,0.5118281732946591,0.13215974055276614,0.3525883558646112,0.0,1.3592164389072987e-06
0077_petal_cutout,0.003023307578806786,0.6091603351224583,0.044468867389812775,0.34334748990892217,0.0,0.0
0078_petal_cutout,0.03212045322402657,0.0,0.6861547878182199,0.01086453511444645,0.2562513431521325,0.014608880691174551
0079_petal_cutout,0.05105064100224948,0.0024953696564671587,0.21397006785851663,0.018682770753624133,0.5281551437456651,0.18564600698347752
0080_petal_cutout,0.04957594237107974,0.11851156895084725,0.3998497895306796,0.09626944065314107,0.07911700197868608,0.25667625651556625
0081_petal_cutout,0.011306278650505593,0.0,0.11287686329980062,0.00022410580050027877,0.539741790199656,0.33585096204953757
0082_petal_cutout,0.008726083573981039,0.007338018821067992,0.06398688415065645,0.011367362457199872,0.3015110478174682,0.6070706031796265
0083_petal_cutout,0.0081413304614365,0.008258802087648082,0.06411564907629856,0.011808300886422003,0.2552250849142573,0.6524508325739375
0084_petal_cutout,0.004409678892452208,5.614674397833369e-05,0.5538121911569166,0.0020385587044441157,0.175730382759552,0.2639530417426567
0085_petal_cutout,8.373309715250893e-05,0.9838420839048837,0.0004257632544400915,0.015648419743523673,0.0,0.0
0086_petal_cutout,0.0603405816249787,9.03408752328232e-06,0.5690344141402928,0.020314535655719265,0.2756882107068878,0.07461322378459817
0087_petal_cutout,0.00661657659816769,0.0,0.053665122710734765,0.0011686132811488698,0.20184061611143533,0.7367090712985134
0088_petal_cutout,0.019928578412949056,2.8752065720671135e-05,0.056808501294328226,0.0008113663102947196,0.17445540311973257,0.7479673987969747
0089_petal_cutout,0.001065479425345613,0.006004430610531237,0.07485286505812416,0.001425055840450623,0.5226667255547555,0.39398544351079295
0090_petal_cutout,0.0016613035238741763,0.007347719967701724,0.07323216085202779,0.0011195541441645853,0.4981202972984642,0.41851896421376755
0091_petal_cutout,0.5515429916843116,0.10165392040312461,0.11239456412837465,0.06711592619156737,0.13159048418081445,0.035702113411807276
0092_petal_cutout,0.015549992519063707,0.0,0.0637606117292628,0.00038059791700302705,0.7965835155666873,0.1237252822679832
0093_petal_cutout,0.01053356818316384,0.0,0.029031559896658395,0.0002627477405133858,0.7620484359624673,0.1981236882171971
0094_petal_cutout,0.003572255075261087,0.0,0.733446691362523,0.0012692597862938545,0.24603014382573501,0.015681649950187025
0095_petal_cutout,0.024564097905301785,0.0,0.5849526627651738,0.0014218502328355285,0.2532288445317599,0.135832544564929
0096_petal_cutout,0.02778356561209907,0.0,0.20725234007272553,0.0005296701773689182,0.5250795064113974,0.239354917726409
0097_petal_cutout,0.016709816032943213,0.0,0.3162949429175658,5.4362754956439404e-05,0.47495433888261623,0.19198653941191832
0098_petal_cutout,0.5118523313742911,0.0008832997851830837,0.03751766102216884,0.013180364643658167,0.07170046747248542,0.3648658757022134
0099_petal_cutout,0.008332775987115541,8.308266600643641e-07,0.138518051717021,0.0007420666785474879,0.6958932099721908,0.15651306481846508
0100_petal_cutout,0.012960400642967768,0.0024579296310905108,0.0228942592148003,0.007827781151428148,0.5365690380783132,0.4172905912814
0101_petal_cutout,0.0017306818104339881,0.005962350504670879,0.0338352607425624,0.0026582203976950403,0.5545509153425541,0.4012625712020836
0102_petal_cutout,0.02861616227161628,0.00013876479367472134,0.45210401702447683,0.0031237053194834753,0.4230895299134633,0.09292782067728533
0103_petal_cutout,0.028650638566466474,0.0017333328293842624,0.49781916039565044,0.016762983932843745,0.4050318054857376,0.05000207878991749
0104_petal_cutout,0.041792571166524344,0.24063009877023864,0.026927424864635088,0.6841451366719106,0.0032824779466185906,0.003222290580072744
0105_petal_cutout,0.03572213282425216,0.2291335442917797,0.03927214815033608,0.6916732496994309,0.001435708961735425,0.0027632160724657033
0106_petal_cutout,0.03366771779730943,0.37026985891510894,0.03604847125528148,0.5549937169045269,0.0020657121430199626,0.002954522984753334
0107_petal_cutout,0.048197946877472746,6.201580372902079e-06,0.6726480033433876,0.023846232760657678,0.25271881488009296,0.0025828005580160996
0109_petal_cutout,0.019786260438562825,0.0,0.28333519675020097,3.952702446529213e-05,0.43486478772939186,0.261974228057379
0110_petal_cutout,6.458555602474057e-06,0.9246271183677939,0.0,0.0753664230766037,0.0,0.0
0111_petal_cutout,7.096519824137797e-05,0.8304090321874549,8.798137656628603e-06,0.16951023764833323,0.0,9.668283139152313e-07
0112_petal_cutout,4.3851806550438874e-05,0.9377574002868825,1.0341172290999018e-05,0.062180029075711254,0.0,8.377658564859963e-06
0113_petal_cutout,0.04174358589868832,0.0,0.44305952602882354,0.00030312524331016835,0.49466596259736434,0.02022780023181363
0114_petal_cutout,0.3670480175811102,0.15279145564652716,0.1543824717652988,0.1416410206627616,0.10280777270136073,0.08132926164294153
0115_petal_cutout,0.015123355179952478,0.0,0.10519571286366604,0.0014709693688140485,0.13013097853707817,0.7480789840504892
0116_petal_cutout,0.3390076389847456,0.3806335408327133,0.08415710250514259,0.04940712859687101,0.031413599345518455,0.11538098973500904
0117_petal_cutout,0.1545086015146783,0.00043756668532138164,0.5933432437607553,0.020445849449227907,0.22290975151884435,0.008354987071172758
0118_petal_cutout,0.15256183124699452,0.0,0.5825712287975643,0.02110571507370102,0.2343040717520824,0.009457153129657786
0119_petal_cutout,0.13117370821993582,0.003914769479147674,0.7223707615606308,0.024232070764672285,0.11150085364759155,0.006807836328021834
0121_petal_cutout,0.14153673028650407,0.15666135926020916,0.04039803062988574,0.09884333414327204,0.032148372881263654,0.5304121727988653
0122_petal_cutout,0.04221898535141539,0.00047900183276528073,0.3534582751383071,0.013641759051420833,0.3029037073820145,0.2872982712440769
0123_petal_cutout,0.01741272755202587,0.5891742271539723,0.0069400922035814895,0.34876574180777664,0.00098009381565475,0.03672711746698901
0124_petal_cutout,0.4638777537549492,0.010233687425665737,0.002583513739160694,0.38960465468853617,0.0022166725249585053,0.13148371786672966
0125_petal_cutout,0.2934752967323648,5.454012448783414e-05,0.21845024236267818,0.4837606779337474,0.00419277207000225,6.647077671954786e-05
0126_petal_cutout,0.023726036085670758,0.0,0.6830474239505863,0.0008619991964884194,0.2099644677831596,0.08240007298409494
0127_petal_cutout,0.024137732561265248,0.0,0.6749951772098657,0.0009372341535766128,0.21447178588709295,0.08545807018819951
0128_petal_cutout,0.007480326336206452,0.0,0.19808299529366322,0.00028032214573676316,0.49783489583218926,0.2963214603922043
0129_petal_cutout,0.6158766378465104,0.0,0.08924503075140387,0.23802477939210268,0.015570015152865675,0.041283536857117394
0130_petal_cutout,0.007888876383104163,0.0,0.8359978100625579,0.013159223987395321,0.1407804368662912,0.002173652700651433
0131_petal_cutout,7.278874961761963e-05,0.5134087412009416,0.17857532112768162,0.3079395094842783,0.0,3.6394374808809814e-06
0132_petal_cutout,0.15152827036948655,1.5132699488398353e-05,0.1282979893086949,0.0827917396625408,0.06058402695948616,0.5767828410003032
0133_petal_cutout,0.2685252824300442,3.7081342374259023e-06,0.01226724968425237,0.6874428483810656,8.157895322336985e-06,0.031752753475078
0134_petal_cutout,0.01977349166898345,0.0,0.8432619728967606,0.0008117018852700603,0.13461095271042844,0.0015418808385574204
0135_petal_cutout,0.018738485504464206,0.0,0.8401725552192016,0.000877902620112796,0.13906649195486545,0.001144564701355933
0136_petal_cutout,0.015122057579176975,0.0,0.2608497042813282,1.7326396189747357e-05,0.6456110740608708,0.0783998376824342
0137_petal_cutout,1.1893081200011893e-05,0.0,0.9825350102577826,0.012594772990812594,0.004858323670204858,0.0
0138_petal_cutout,1.1893081200011893e-05,0.0,0.9825350102577826,0.012594772990812594,0.004858323670204858,0.0
0139_petal_cutout,0.18966437730823132,0.0,0.3970363765187647,0.029553170432488538,0.23837276169894345,0.14537331404157194
0140_petal_cutout,0.014029169383805083,0.0,0.022730227715517373,0.0005787042869808838,0.21506079166746458,0.747601106946232
0141_petal_cutout,0.0013694807408249062,0.5300575843654131,0.034422815589137595,0.4341492103170094,0.0,9.08987615043745e-07
0142_petal_cutout,0.0315482247386906,0.45304806040428475,0.03889070663499611,0.476384283290398,0.0,0.00012872493163054678
0143_petal_cutout,0.005411024629491417,0.0,0.014321781749801699,1.876628303762293e-05,0.541430574076137,0.43881785326153216
0144_petal_cutout,0.20304551651546998,0.0,0.0031923668031578942,0.0023904435076752147,0.26629606696825836,0.5250756062054386
0145_petal_cutout,0.06575537731764085,0.0,0.012000420995973055,0.0017322314964839304,0.8162425865113134,0.1042693836785887
0146_petal_cutout,0.040682517976090696,0.0,0.3177579955004632,0.0043959004220153804,0.6183108209449028,0.018852765156528003
0147_petal_cutout,0.05045952370042587,0.0,0.3648810363228139,0.005378644948931678,0.3609219568204759,0.21835883820735263
0148_petal_cutout,0.04213540339403324,0.0,0.011122588392901723,0.00036571677570084365,0.10837877234584617,0.837997519091518
0149_petal_cutout,0.13048399669880903,0.0,0.09663382256251135,0.012220050921328225,0.49962574298407936,0.26103638683327207
0150_petal_cutout,0.11410183669375351,1.2757254013830777e-06,0.11082258454949831,0.009316622606300616,0.5009939495533526,0.2647637308716936
0151_petal_cutout,0.01129914077359501,0.0,0.24079500548249785,0.0001677940837301661,0.45613634377872275,0.2916017158814542
0152_petal_cutout,0.16068644765273904,5.178162288479685e-06,0.06387354562174194,0.12587518557619848,0.15724220823644586,0.4923174347505862
0153_petal_cutout,0.5374298373426517,2.9756207392830537e-06,0.004873570834155762,0.4511983320653883,0.0,0.0064952841370650265
0154_petal_cutout,0.6096414632461511,0.0,0.0011737874640578184,0.056117294557511806,0.09418632513319115,0.23888112959908817
0155_petal_cutout,7.873887474002596e-05,0.0,0.5763056625016517,0.049429912445991465,0.3739797885453943,0.00020589763222248167
0156_petal_cutout,0.1010694520481118,0.0,0.518836754696192,0.01085072759499684,0.1505585266663283,0.21868453899437112
0157_petal_cutout,0.166355633772628,0.0,0.32905832195419726,0.009692223186916385,0.15743332416905634,0.337460496917202
0158_petal_cutout,0.1114922022775032,0.0,0.1153477641750983,0.006044845329599777,0.18740300305527044,0.5797121851625283
0159_petal_cutout,0.011403011675541924,4.325876963407407e-06,0.016388584875868962,0.9721932628792171,0.0,1.0814692408518517e-05
0160_petal_cutout,0.16791057368387272,0.0,0.4017137000052275,0.05597680834126836,0.2526122709072658,0.12178664706236562
0161_petal_cutout,0.16295995536920316,7.992621212096992e-07,0.47280031075311274,0.10149110341332881,0.20030547798272635,0.06244235321950775
0162_petal_cutout,0.12868402738707155,0.09127016470322698,0.011618617638586086,0.7416873757004251,0.016969583376368304,0.009770231194321957
0163_petal_cutout,0.1572816424379976,0.09717682548307363,0.4523065104553162,0.2806546531650779,0.004842939746275714,0.007737428712258936
0164_petal_cutout,0.029571374452847576,0.0,0.0708724191968877,0.0008987436028192109,0.42367412270294696,0.47498334004449855
0165_petal_cutout,0.4595315041607108,0.0,0.01925514212118732,0.000600592715173514,0.10850964454129662,0.4121031164616318
0166_petal_cutout,0.1980583202503515,0.0,0.027685191402406342,0.001886487699646773,0.22074943384216397,0.5516205668054315
0167_petal_cutout,0.17367399855468718,2.5813505942890053e-05,0.022874053834553692,0.0040091297012999905,0.07799088125726385,0.7214261231462524
0168_petal_cutout,0.28788804630957404,1.0307258195529391e-05,0.014820080366160662,0.0002529963375266305,0.0624797881108822,0.6345487816176609
0169_petal_cutout,0.06882025621076263,0.0,0.006630878673026595,9.772447808679879e-05,0.3594384682040265,0.5650126724340975
0170_petal_cutout,0.031023861581176093,0.0,0.01944518012783208,3.7764715371382946e-05,0.08229335749223358,0.8671998360833869
0171_petal_cutout,0.030365732591729606,0.0,0.040483504209613205,0.0011239731034030644,0.14125054005973492,0.7867762500355192
0172_petal_cutout,0.040247495504314716,0.0012175606346487835,0.013749815481081482,0.005500278495856971,0.14866981383230146,0.7906150360517966
0173_petal_cutout,0.1289840131569929,0.0,0.0075061970706546315,0.001166128358945861,0.12544860441277594,0.7368950570006307
0174_petal_cutout,0.0030160984253452803,0.0,0.02328882430173069,0.0011156771490050366,0.19871023710265664,0.7738691630212623
0175_petal_cutout,0.052192996926700985,0.0,0.11926677421187332,0.0018926252978971629,0.40566306630849136,0.4209845372550372
0176_petal_cutout,0.16167607735004166,0.011304476174423294,5.762578366154491e-06,0.7756248435754651,4.0992887013780816e-05,0.051347847434690015
0177_petal_cutout,0.018085348741410802,0.0,0.07709185049675187,0.0004848130497042284,0.4298305373588936,0.47450745035323955
0178_petal_cutout,0.018811746201808043,0.0,0.19033525936712,0.003775547080024665,0.3652197082343625,0.4218577391166848
0179_petal_cutout,0.1883381753207018,0.0,0.068449787871316,0.05384311476660195,0.25667604393960614,0.43269287810177415
0180_petal_cutout,0.12016809618633825,0.0,0.060080794711881755,0.018716582050637556,0.1899998770944847,0.6110346499566577
0181_petal_cutout,0.008534524251911335,0.0,0.16676572967057815,0.0005425011293659475,0.26951310613082324,0.5546441388173213
0182_petal_cutout,0.1843402171576569,0.0,0.003502204606342765,0.08603207558051139,0.053078322506907416,0.6730471801485816
0183_petal_cutout,0.04729392872867918,2.302231149763014e-07,0.32572449775388573,0.020291980465568696,0.363400165185085,0.2432891976436664
0184_petal_cutout,0.053682720768622315,0.0,0.07757189065363847,5.475169928324568e-05,0.8631022664914847,0.005588370386971278
0185_petal_cutout,0.0025642595719307685,0.0,0.3550632038873285,0.0016307064688203302,0.5956070470878831,0.045134782984037246
0186_petal_cutout,0.07519739395443238,2.120805312193146e-06,0.041508401570244255,0.6421713653108359,0.23155588640118427,0.009564831957991089
0187_petal_cutout,0.20396744659206512,0.0,0.004577822990844354,0.7914547304170906,0.0,0.0
0188_petal_cutout,0.5841736694677871,0.0,0.0,0.4158263305322129,0.0,0.0
0189_petal_cutout,0.020147163210026894,0.0,0.0811407798249367,0.00013477750307741966,0.2543188126125018,0.6442584668494572
0190_petal_cutout,0.004339544477626793,0.0,0.019064142404553275,0.0008179370722785096,0.36541062885537484,0.6103677471901666
0191_petal_cutout,0.07380023424619724,0.0017855677486254822,0.2802091803621118,0.6347807112430714,0.0,0.009424306399994031
0192_petal_cutout,0.1296245836120565,6.807133156906815e-05,0.11184239550401831,0.7495138688850335,0.0,0.008951080667322626
